RANKED_SOLO_5x5,
5.23.0.239,
NA1,
PRESEASON2016,
NA,
2026610916,
11,
1449100045454,
True,1,33,3,157,5,36,False,0,False,False,False,0,True,100,True,0,0,4,0,2,False,2,39,4,16,6,223,True,2,False,True,True,0,False,200,False,0,3,11,0,1,
3117,0,0,0,0,32209,7728,1,0,0,13808,0,94,0,False,0,2,7173,3800,2049,3401,False,3340,19,3190,1028,31,0,15,22852,1,0,False,2804,False,False,18,8,0,0,0,2927,9450,2183,0,0,False,False,1297,10008,0,10655,4,0,0,28881,0,12267,53,2,5273,9,5289,9,5317,9,5357,3,UNRANKED,6211,2,6212,3,6221,1,6231,5,6241,1,6252,5,6263,1,6311,5,6322,1,6332,5,6342,1,4,100,BOTTOM,1.9,2.15,0.9,0.65,363.8,274.4,162.2,310.7,23.5,17.65,-13.3,51.6,0.6,1.6,0.7,0.5,632.4,433.4,250.6,319.8,DUO_SUPPORT,249.0,132.7,-24.75,-31.15,1581.2,860.6,221.3,657.6,3,
3006,0,0,0,773,162908,7663,3,5,0,12509,1,436,1,False,9,2,135864,3087,3508,3031,False,3340,12,3072,0,213,1,17,24823,16,2,False,1637,False,True,4,8,10,0,0,20679,15450,2220,1176,0,False,False,3240,15888,0,29518,3,0,0,20431,4,6284,110,3,5245,9,5289,9,5317,9,5335,3,SILVER,6111,5,6122,1,6131,5,6142,1,6151,5,6164,1,6211,5,6223,1,6231,5,6241,1,4,100,BOTTOM,1.9,2.15,0.9,0.65,598.2,496.5,245.9,481.3,23.5,17.65,-13.3,51.6,5.6,6.8,5.4,6.3,659.0,609.8,251.6,484.9,DUO_CARRY,249.0,132.7,-24.75,-31.15,1146.2,697.0,343.2,224.2,7,
3020,0,0,0,0,184638,12410,1,2,0,14347,0,75,6,False,38,0,55654,3027,3191,1026,False,3340,6,3165,3040,156,0,16,127326,4,0,False,653,False,False,8,10,44,0,0,3198,11900,1658,1294,0,False,False,1938,12348,0,16902,1,0,0,24159,1,9159,90,4,5273,9,5296,9,5317,9,5357,3,SILVER,6114,5,6122,1,6134,5,6142,1,6154,5,6164,1,6312,5,6322,1,6332,5,6343,1,4,100,MIDDLE,3.2,-2.1,-1.7,1.0,380.2,408.3,200.7,350.7,-308.2,60.4,-24.0,14.8,6.6,4.7,3.6,4.0,508.6,530.1,371.5,378.4,SOLO,191.0,-312.9,-179.8,7.3,1133.2,630.3,274.8,655.5,14,
2033,0,0,0,396,121244,4271,1,2,0,12984,2,69,1,False,8,1,76857,3742,3078,3124,False,3340,8,1055,3111,145,0,16,44387,8,0,False,448,False,False,2,12,9,0,0,10525,12000,0,0,0,False,False,829,12477,0,14796,1,0,0,32527,2,19095,24,5,5245,8,5251,1,5289,3,5295,6,5317,9,5337,3,GOLD,6111,5,6121,1,6131,5,6141,1,6151,5,6162,1,6312,5,6322,1,6331,5,6343,1,4,100,TOP,2.0,2.8,-2.4,0.2,512.0,350.0,175.4,385.3,-44.0,102.6,-186.5,6.6,4.2,4.8,2.2,5.4,453.6,478.3,254.2,478.8,SOLO,96.0,290.6,92.7,129.0,1258.6,1091.4,415.8,847.3,12,
3089,0,0,0,1364,210436,31695,2,10,0,5270,1,487,23,False,48,3,20848,3285,1313,3116,True,3340,15,1402,3027,78,0,18,178470,18,3,False,408,False,False,18,6,71,0,2,1992,18075,11117,2385,0,False,False,12660,18102,0,36073,4,0,0,29734,3,24056,76,6,5273,9,5289,9,5317,9,5357,3,SILVER,6114,5,6121,1,6134,5,6141,1,6154,5,6164,1,6311,5,6321,1,6331,5,6343,1,4,200,JUNGLE,-1.6,4.0,0.2,1.4,423.6,707.3,282.0,446.6,-241.0,435.3,19.0,149.4,1.2,5.1,0.2,1.9,534.2,808.0,247.9,510.0,NONE,-580.0,-378.5,-189.4,-584.6,1085.6,894.0,452.2,635.0,11,
3006,0,0,0,716,113668,6479,1,3,0,6914,2,297,1,False,0,1,91428,3153,3085,3031,True,3340,1,1053,0,133,0,15,12639,8,0,False,384,False,False,12,6,1,0,0,17564,12000,9600,3975,0,False,False,3952,13877,0,28019,2,0,0,17412,2,10113,96,7,5245,9,5289,9,5317,9,5335,3,SILVER,6111,5,6122,1,6134,5,6141,1,6151,5,6162,1,6312,5,6322,1,6331,5,6343,1,4,200,BOTTOM,-1.9,-2.15,-0.9,-0.65,440.2,505.9,209.1,302.4,-23.5,-17.65,13.3,-51.6,0.2,3.6,3.7,5.1,420.4,452.8,266.9,374.9,DUO_CARRY,-249.0,-132.7,24.75,31.15,808.0,712.2,272.5,237.0,7,
3157,0,0,0,0,156268,16944,1,2,0,8916,3,286,5,False,8,0,47914,1313,2033,3040,True,3340,12,3027,1027,176,0,17,106791,6,0,True,1482,False,False,13,7,13,0,1,2530,12075,1563,219,0,False,False,1357,14843,0,19694,1,2,0,27382,3,16983,38,8,5273,9,5289,9,5317,9,5357,3,SILVER,6114,5,6121,1,6134,5,6142,1,6154,5,6164,1,6311,5,6322,1,6331,5,6343,1,12,200,MIDDLE,-3.2,2.1,1.7,-1.0,663.0,455.8,230.4,318.6,308.2,-60.4,24.0,-14.8,3.4,6.8,5.3,3.0,816.8,469.7,395.5,363.6,SOLO,-191.0,312.9,179.8,-7.3,942.2,943.2,454.6,648.2,4,
3026,0,0,0,839,117805,2818,1,2,0,9186,2,149,0,False,4,0,95250,3071,3111,3142,True,3340,13,0,1053,134,0,17,22371,11,0,False,876,False,False,8,9,4,0,2,26235,12250,184,120,0,True,False,1166,14222,0,29174,1,1,0,25825,4,15763,80,9,5245,9,5289,9,5317,9,5335,3,GOLD,6111,5,6121,1,6131,5,6141,1,6151,5,6162,1,6312,5,6322,1,6331,5,6343,1,4,200,TOP,-2.0,-2.8,2.4,-0.2,411.2,430.0,295.9,343.5,44.0,-102.6,186.5,-6.6,2.2,2.0,4.6,5.2,497.6,375.7,440.7,472.2,SOLO,-96.0,-290.6,-92.7,-129.0,1162.6,800.8,323.1,718.3,12,
2045,0,0,0,0,46226,8993,1,2,0,11661,0,1222,0,False,0,2,9814,3800,1328,3069,True,3364,30,3110,1011,28,0,17,34802,5,0,False,676,False,False,28,5,0,0,1,1455,11975,1609,1141,0,True,False,13081,14259,0,11591,83,0,0,25432,2,13095,12,10,5257,9,5289,9,5317,9,5345,2,5347,1,GOLD,6212,5,6221,1,6232,5,6241,1,6252,5,6263,1,6311,5,6322,1,6332,5,6342,1,4,200,BOTTOM,-1.9,-2.15,-0.9,-0.65,637.0,475.5,183.9,304.9,-23.5,-17.65,13.3,-51.6,2.2,0.5,0.6,0.4,824.0,555.1,261.9,326.6,DUO_SUPPORT,-249.0,-132.7,24.75,31.15,1421.4,580.0,341.5,707.1,14,
CLASSIC,
2164,
0,500,0,10,1,500,0,0,14579,14237,0,0,500,0,1,1,500,0,0,581,561,0,0,500,0,3,1,500,0,0,293,351,0,0,500,0,2,1,500,0,0,361,561,0,0,500,0,5,1,500,0,0,649,311,0,0,500,0,4,1,500,0,0,471,222,0,0,500,0,7,1,500,0,0,14291,14486,0,0,500,0,6,1,500,0,0,14511,14486,0,0,500,0,9,1,500,0,0,14401,14148,0,0,500,0,8,1,500,0,0,14223,14277,0,0,60017,500,0,10,1,0,0,0,5138,10431,0,0,500,0,1,1,0,0,0,8333,2296,0,0,500,0,3,1,0,0,0,2974,10278,0,0,500,0,2,1,0,0,0,1008,10790,0,0,500,0,5,1,0,0,0,6962,2800,0,0,500,0,4,1,25,0,0,6595,6290,0,0,500,0,7,1,0,0,0,5411,11177,0,0,500,0,6,1,0,0,0,7639,10755,0,0,500,0,9,1,0,0,0,13991,4576,0,0,500,0,8,1,0,0,0,8010,8935,0,0,SKILL_LEVEL_UP,2,NORMAL,1,2959,1055,ITEM_PURCHASED,3,4482,SKILL_LEVEL_UP,1,NORMAL,7,4613,2033,ITEM_PURCHASED,9,4741,2003,ITEM_PURCHASED,3,4838,3340,ITEM_PURCHASED,9,5291,3340,ITEM_PURCHASED,3,6364,1083,ITEM_PURCHASED,7,8119,SKILL_LEVEL_UP,1,NORMAL,9,8378,2010,ITEM_PURCHASED,7,8899,3340,ITEM_PURCHASED,7,9388,3302,ITEM_PURCHASED,2,10431,3340,ITEM_PURCHASED,10,11830,2010,ITEM_PURCHASED,2,12120,2010,ITEM_PURCHASED,2,12476,1041,ITEM_PURCHASED,1,12476,2010,ITEM_PURCHASED,10,12573,2010,ITEM_PURCHASED,4,12607,2010,ITEM_PURCHASED,2,12801,2010,ITEM_PURCHASED,10,12866,2010,ITEM_PURCHASED,10,13193,1056,ITEM_PURCHASED,4,13321,2003,ITEM_PURCHASED,1,13649,3340,ITEM_PURCHASED,2,13875,3302,ITEM_PURCHASED,10,13878,2003,ITEM_PURCHASED,1,14005,2003,ITEM_PURCHASED,1,14363,ITEM_UNDO,3302,0,10,14884,ITEM_UNDO,1056,0,4,14981,ITEM_UNDO,2010,0,4,15177,3340,ITEM_PURCHASED,1,15613,SKILL_LEVEL_UP,1,NORMAL,3,15861,SKILL_LEVEL_UP,1,NORMAL,2,17744,3301,ITEM_PURCHASED,10,17840,1027,ITEM_PURCHASED,4,19406,1004,ITEM_PURCHASED,4,24980,1039,ITEM_PURCHASED,6,25947,3340,ITEM_PURCHASED,4,26173,SKILL_LEVEL_UP,1,NORMAL,10,27735,ITEM_UNDO,1039,0,6,28257,2033,ITEM_PURCHASED,8,31018,3340,ITEM_PURCHASED,8,31410,1041,ITEM_PURCHASED,6,31668,1029,ITEM_PURCHASED,5,31928,3340,ITEM_PURCHASED,6,32611,2031,ITEM_PURCHASED,5,33002,2003,ITEM_PURCHASED,6,33719,2003,ITEM_PURCHASED,6,33914,2003,ITEM_PURCHASED,6,34078,3340,ITEM_PURCHASED,5,35742,ITEM_UNDO,0,3340,5,38122,ITEM_UNDO,2031,0,5,39060,2010,ITEM_PURCHASED,5,40395,2010,ITEM_PURCHASED,5,40557,2010,ITEM_PURCHASED,5,40750,2010,ITEM_PURCHASED,5,40945,3340,ITEM_PURCHASED,5,42543,SKILL_LEVEL_UP,3,NORMAL,5,53198,SKILL_LEVEL_UP,1,NORMAL,6,57638,SKILL_LEVEL_UP,3,NORMAL,4,58161,120035,501,0,10,1,1,0,0,4106,13260,0,0,587,0,1,2,87,0,0,7993,3611,281,1,521,0,3,1,21,1,0,2469,12161,38,0,502,0,2,1,2,0,0,2277,13211,38,0,521,0,5,1,21,1,0,12477,1885,58,0,518,0,4,1,43,1,0,7391,6736,206,0,501,0,7,1,1,0,0,4710,13062,0,0,587,0,6,2,87,0,0,6558,12137,281,1,501,0,9,1,1,0,0,12964,2540,0,0,561,0,8,1,61,3,0,7506,7209,176,0,SKILL_LEVEL_UP,1,NORMAL,8,100647,2003,ITEM_DESTROYED,6,105992,SKILL_LEVEL_UP,3,NORMAL,1,114890,2003,ITEM_DESTROYED,1,117492,180035,680,0,10,2,180,1,0,3776,13439,288,0,857,0,1,2,357,0,0,6506,3612,551,5,754,0,3,2,254,7,0,2817,12968,464,0,676,0,2,2,176,1,0,2587,13069,464,0,663,0,5,1,163,2,0,462,396,117,0,751,0,4,3,276,7,0,6677,6528,863,0,725,0,7,2,225,5,0,3442,13577,288,0,807,0,6,2,307,0,0,4348,10976,486,4,794,0,9,2,294,9,0,12727,2443,500,0,769,0,8,2,269,8,0,8386,8881,647,0,SKILL_LEVEL_UP,2,NORMAL,6,120097,WARD_PLACED,YELLOW_TRINKET,10,126713,WARD_PLACED,YELLOW_TRINKET,6,133287,SKILL_LEVEL_UP,1,NORMAL,4,138143,WARD_PLACED,YELLOW_TRINKET,2,139838,2003,ITEM_DESTROYED,1,140189,WARD_PLACED,YELLOW_TRINKET,3,141071,2003,ITEM_DESTROYED,6,141851,SKILL_LEVEL_UP,3,NORMAL,8,145107,SKILL_LEVEL_UP,2,NORMAL,9,158914,SKILL_LEVEL_UP,3,NORMAL,2,159858,SKILL_LEVEL_UP,2,NORMAL,3,161803,SKILL_LEVEL_UP,2,NORMAL,4,167701,2003,ITEM_DESTROYED,6,169835,2003,ITEM_DESTROYED,1,175868,SKILL_LEVEL_UP,2,NORMAL,10,177528,SKILL_LEVEL_UP,2,NORMAL,7,177664,240079,882,0,10,3,382,2,0,4475,13227,766,0,1079,0,1,3,579,0,0,8932,7231,797,8,1433,0,3,3,933,14,0,3786,13420,995,0,1046,0,2,3,546,1,0,3493,13449,907,0,785,0,5,2,235,2,0,13443,3104,382,0,873,0,4,3,73,7,0,7763,7607,901,0,925,0,7,2,125,9,0,11213,14000,501,0,979,0,6,2,29,0,0,9403,11947,551,5,1113,0,9,4,613,18,0,13510,3887,1181,0,1020,0,8,4,520,15,0,8716,8678,1299,0,SKILL_LEVEL_UP,1,NORMAL,1,184429,2010,ITEM_PURCHASED,5,194612,WARD_PLACED,YELLOW_TRINKET,10,194678,3,6,CHAMPION_KILL,2,203355,4312,13378,2003,ITEM_DESTROYED,3,205854,2010,ITEM_DESTROYED,7,206408,3070,ITEM_PURCHASED,4,206802,1027,ITEM_DESTROYED,4,206802,1004,ITEM_DESTROYED,4,206802,SKILL_LEVEL_UP,2,NORMAL,8,206868,2010,ITEM_PURCHASED,4,208260,SKILL_LEVEL_UP,2,NORMAL,2,209758,SKILL_LEVEL_UP,1,NORMAL,9,210995,SKILL_LEVEL_UP,3,NORMAL,3,211959,SKILL_LEVEL_UP,2,NORMAL,5,214690,2010,ITEM_DESTROYED,10,219798,1039,ITEM_PURCHASED,6,220968,SKILL_LEVEL_UP,1,NORMAL,8,221098,2003,ITEM_PURCHASED,6,222138,2003,ITEM_PURCHASED,6,225721,WARD_PLACED,YELLOW_TRINKET,2,226531,1036,ITEM_PURCHASED,7,226925,ITEM_UNDO,1036,0,7,229153,1001,ITEM_PURCHASED,7,230238,2010,ITEM_DESTROYED,5,235729,SKILL_LEVEL_UP,3,NORMAL,9,238946,SKILL_LEVEL_UP,3,NORMAL,10,240004,300082,1380,0,10,4,80,3,0,7736,13260,1188,0,1560,0,1,4,360,0,0,397,184,1247,9,1607,0,3,3,57,17,0,1620,8435,1053,0,1277,0,2,4,777,4,0,5059,10039,1233,0,1054,0,5,3,504,8,0,12609,2748,945,0,1159,0,4,4,359,16,0,6136,7027,1542,0,1194,0,7,4,394,15,0,3087,13310,1209,0,1500,0,6,4,550,0,0,6586,7790,1261,8,1754,0,9,5,1254,22,0,5990,7329,1821,0,1292,0,8,4,92,15,0,11099,11653,1444,0,WARD_PLACED,YELLOW_TRINKET,1,243976,SKILL_LEVEL_UP,3,NORMAL,4,246109,WARD_PLACED,YELLOW_TRINKET,8,248062,2010,ITEM_DESTROYED,5,248808,2003,ITEM_DESTROYED,6,251401,WARD_PLACED,YELLOW_TRINKET,8,253096,3642,13009,CHAMPION_KILL,3,10,258748,10946,7760,CHAMPION_KILL,8,1,260441,SKILL_LEVEL_UP,1,NORMAL,7,263435,SKILL_LEVEL_UP,1,NORMAL,10,263824,SKILL_LEVEL_UP,2,NORMAL,1,263998,SKILL_LEVEL_UP,3,NORMAL,6,266595,1001,ITEM_PURCHASED,3,269831,1042,ITEM_PURCHASED,3,272060,1055,ITEM_PURCHASED,3,272959,9,1,CHAMPION_KILL,8,273182,9251,7050,2049,ITEM_PURCHASED,10,276821,3341,ITEM_PURCHASED,10,278300,3340,ITEM_DESTROYED,10,278300,1028,ITEM_PURCHASED,8,279078,SKILL_LEVEL_UP,1,NORMAL,5,279293,1001,ITEM_PURCHASED,8,279680,SKILL_LEVEL_UP,1,NORMAL,2,280363,SKILL_LEVEL_UP,3,NORMAL,7,294793,3706,ITEM_PURCHASED,1,296714,1041,ITEM_DESTROYED,1,296714,6,4,CHAMPION_KILL,9,299502,6136,7027,360123,1537,0,10,4,237,3,0,1706,12085,1399,0,1769,0,1,4,269,0,0,11907,4291,1467,10,1988,0,3,4,438,31,0,1312,11219,1456,0,1462,0,2,4,962,6,0,1056,11054,1636,0,1285,0,5,4,735,14,0,11670,2564,1328,0,1281,0,4,4,231,16,0,6667,6269,1634,0,1432,0,7,4,632,21,0,1985,11833,1567,0,1863,0,6,5,913,1,0,12374,4118,1832,16,1986,0,9,5,310,28,0,11790,2782,2262,0,1593,0,8,5,393,23,0,6587,6871,2007,0,SKILL_LEVEL_UP,1,NORMAL,6,300932,1001,ITEM_PURCHASED,1,301581,SKILL_LEVEL_UP,1,NORMAL,9,305970,WARD_PLACED,SIGHT_WARD,10,311588,3133,ITEM_PURCHASED,9,314248,2043,ITEM_PURCHASED,9,316592,2010,ITEM_DESTROYED,2,317238,SKILL_LEVEL_UP,2,NORMAL,5,319445,SKILL_LEVEL_UP,1,NORMAL,3,319671,WARD_PLACED,YELLOW_TRINKET,7,327126,1004,ITEM_PURCHASED,4,331607,1004,ITEM_PURCHASED,4,331742,2010,ITEM_DESTROYED,5,332113,2010,ITEM_DESTROYED,5,333174,2003,ITEM_DESTROYED,6,341949,WARD_PLACED,SIGHT_WARD,10,342497,SKILL_LEVEL_UP,1,NORMAL,8,345320,SKILL_LEVEL_UP,1,NORMAL,6,350459,WARD_PLACED,YELLOW_TRINKET,1,353838,420134,1700,0,10,4,400,3,0,4154,13161,1671,0,1891,0,1,4,391,0,0,1839,3396,1467,10,2282,0,3,5,732,40,0,1589,11712,1823,0,1644,0,2,5,1144,7,0,1832,12747,2004,0,1408,0,5,4,858,14,0,681,460,1328,0,1534,0,4,5,484,23,0,6661,7125,2193,0,1686,0,7,5,536,26,0,14390,14340,1838,0,2612,0,6,5,1662,1,0,8651,5217,2163,17,2395,0,9,6,720,28,0,9273,5526,2618,0,1846,0,8,5,646,30,0,8133,8632,2398,0,2010,ITEM_DESTROYED,5,364665,WARD_PLACED,YELLOW_TRINKET,6,366222,2010,ITEM_DESTROYED,4,366949,SKILL_LEVEL_UP,1,NORMAL,7,371843,SKILL_LEVEL_UP,3,NORMAL,4,373405,SKILL_LEVEL_UP,1,NORMAL,2,374934,WARD_PLACED,YELLOW_TRINKET,5,376400,WARD_PLACED,YELLOW_TRINKET,2,378999,6,5,CHAMPION_KILL,9,386315,10455,1368,6,1,CHAMPION_KILL,9,392779,10232,1452,SKILL_LEVEL_UP,4,NORMAL,9,394895,SKILL_LEVEL_UP,1,NORMAL,3,409106,2010,ITEM_DESTROYED,2,416390,1036,ITEM_PURCHASED,7,418212,1501,ITEM_DESTROYED,0,419998,1501,ITEM_DESTROYED,0,419998,1501,ITEM_DESTROYED,0,419998,1501,ITEM_DESTROYED,0,419998,1501,ITEM_DESTROYED,0,419998,1501,ITEM_DESTROYED,0,419998,1501,ITEM_DESTROYED,0,419998,1501,ITEM_DESTROYED,0,419998,1501,ITEM_DESTROYED,0,419998,1501,ITEM_DESTROYED,0,419998,1501,ITEM_DESTROYED,0,419998,1501,ITEM_DESTROYED,0,419998,480157,1867,0,10,5,192,3,0,3217,12627,1942,0,2171,0,1,5,671,0,0,3609,7502,1838,13,2572,0,3,5,1022,49,0,3990,8972,2229,0,1792,0,2,6,1292,7,0,3328,9956,2468,0,1565,0,5,4,215,16,0,11786,1967,1626,0,1821,0,4,6,771,30,0,5899,6017,2713,3,1990,0,7,5,290,34,0,3827,13078,2109,0,2734,0,6,5,134,1,0,4114,8896,2163,17,2636,0,9,6,961,33,0,12468,2579,3004,0,2224,0,8,6,149,42,0,5928,8481,3050,0,SKILL_LEVEL_UP,4,NORMAL,8,423355,2033,ITEM_PURCHASED,5,423971,3706,ITEM_PURCHASED,6,424494,1039,ITEM_DESTROYED,6,424494,1041,ITEM_DESTROYED,6,424494,3057,ITEM_PURCHASED,6,424945,2003,ITEM_PURCHASED,6,426181,2003,ITEM_PURCHASED,6,426316,1053,ITEM_PURCHASED,7,427304,1036,ITEM_DESTROYED,7,427304,ITEM_UNDO,2003,0,6,427513,1001,ITEM_PURCHASED,10,427610,ITEM_UNDO,2003,0,6,427614,2043,ITEM_PURCHASED,10,428521,1029,ITEM_PURCHASED,5,429142,2003,ITEM_PURCHASED,6,429206,2003,ITEM_PURCHASED,6,429398,2003,ITEM_PURCHASED,6,429467,2003,ITEM_PURCHASED,6,429597,2003,ITEM_PURCHASED,6,429727,WARD_PLACED,YELLOW_TRINKET,3,438024,WARD_PLACED,YELLOW_TRINKET,9,446509,WARD_PLACED,VISION_WARD,9,448956,2043,ITEM_DESTROYED,9,448956,3010,ITEM_PURCHASED,8,457051,1028,ITEM_DESTROYED,8,457051,SKILL_LEVEL_UP,2,NORMAL,1,459562,2043,ITEM_PURCHASED,8,460827,SKILL_LEVEL_UP,4,NORMAL,4,463177,WARD_PLACED,YELLOW_TRINKET,6,466029,WARD_PLACED,YELLOW_TRINKET,1,466645,SKILL_LEVEL_UP,4,NORMAL,2,467690,SKILL_LEVEL_UP,1,NORMAL,10,467780,WARD_PLACED,YELLOW_TRINKET,3,479498,540159,2126,0,10,5,451,3,0,3209,11266,2178,0,2293,0,1,5,393,0,0,2808,3489,1838,13,2716,0,3,5,1166,49,0,1056,7511,2301,1,1956,0,2,6,1456,7,0,461,394,2468,0,1708,0,5,5,358,17,0,11443,1381,2009,0,1943,0,4,6,193,30,0,3064,2769,2713,3,2428,0,7,6,728,35,0,3173,10636,2405,0,3193,0,6,5,593,1,0,3068,9709,2361,17,2893,0,9,7,1218,40,0,12190,2085,3652,0,2615,0,8,7,540,50,0,6403,6146,3778,1,SKILL_LEVEL_UP,1,NORMAL,9,498592,SKILL_LEVEL_UP,2,NORMAL,5,499478,7,1,CHAMPION_KILL,6,8,10,499832,4113,8732,WARD_PLACED,SIGHT_WARD,10,501795,WARD_PLACED,SIGHT_WARD,10,506144,SKILL_LEVEL_UP,1,NORMAL,8,517985,2010,ITEM_DESTROYED,10,520107,1028,ITEM_PURCHASED,1,523889,3114,ITEM_PURCHASED,4,525256,1004,ITEM_DESTROYED,4,525256,1004,ITEM_DESTROYED,4,525256,2010,ITEM_DESTROYED,2,526533,1027,ITEM_PURCHASED,4,527868,2010,ITEM_PURCHASED,4,528976,6,3,CHAMPION_KILL,7,10,531620,1056,7511,SKILL_LEVEL_UP,4,NORMAL,7,533092,WARD_PLACED,SIGHT_WARD,10,534358,600174,2339,0,10,6,64,6,0,10544,12352,2619,0,2635,0,1,5,735,0,0,7946,3206,2289,17,2959,0,3,6,1409,54,0,1759,11627,2516,1,2122,0,2,6,422,7,0,1744,12654,2506,0,2254,0,5,6,904,22,0,10066,779,2542,0,2507,0,4,7,757,36,0,5238,8068,3715,3,2591,0,7,6,141,37,0,10961,13918,2669,0,3320,0,6,6,145,2,0,6200,8450,2479,17,3459,0,9,8,684,46,0,10170,796,4407,0,2804,0,8,7,729,53,0,7623,6682,3955,1,1402,ITEM_PURCHASED,6,549026,3057,ITEM_DESTROYED,6,549026,3706,ITEM_DESTROYED,6,549026,SKILL_LEVEL_UP,4,NORMAL,10,554125,3097,ITEM_PURCHASED,2,555118,3302,ITEM_DESTROYED,2,555118,1001,ITEM_PURCHASED,2,557434,1028,ITEM_PURCHASED,2,561848,WARD_PLACED,YELLOW_TRINKET,8,563742,WARD_PLACED,VISION_WARD,8,568829,2043,ITEM_DESTROYED,8,568829,WARD_PLACED,YELLOW_TRINKET,4,570987,7623,6682,CHAMPION_KILL,8,4,576011,WARD_PLACED,YELLOW_TRINKET,9,577449,SKILL_LEVEL_UP,2,NORMAL,9,579981,SKILL_LEVEL_UP,3,NORMAL,4,580974,WARD_KILL,YELLOW_TRINKET,6,581239,WARD_PLACED,YELLOW_TRINKET,6,582216,2010,ITEM_DESTROYED,4,583132,3096,ITEM_PURCHASED,10,585084,3301,ITEM_DESTROYED,10,585084,SKILL_LEVEL_UP,4,NORMAL,3,587293,2010,ITEM_PURCHASED,10,587667,2010,ITEM_PURCHASED,10,587928,3144,ITEM_PURCHASED,7,589527,1053,ITEM_DESTROYED,7,589527,10066,779,CHAMPION_KILL,5,9,592584,10170,796,CHAMPION_KILL,9,5,593368,SKILL_LEVEL_UP,4,NORMAL,5,594384,SKILL_LEVEL_UP,4,NORMAL,6,594606,3134,ITEM_PURCHASED,9,599370,660229,2504,0,10,6,229,6,0,2635,12474,2794,0,2933,0,1,6,1033,0,0,4946,6774,2693,22,3263,0,3,6,1713,62,0,2001,10968,2918,1,2263,0,2,6,563,7,0,1662,12042,2757,0,2376,0,5,6,151,22,0,12171,1762,2601,0,2630,0,4,7,29,36,0,3424,3140,3715,3,2857,0,7,6,407,43,0,3013,12653,2844,0,3875,0,6,7,700,2,0,8968,9785,3190,20,3775,0,9,8,350,55,0,12904,2414,4794,0,2948,0,8,7,123,53,0,5176,7448,4053,2,1001,ITEM_PURCHASED,9,600476,1037,ITEM_PURCHASED,5,603999,1036,ITEM_PURCHASED,9,607227,WARD_PLACED,YELLOW_TRINKET,2,609744,3070,ITEM_PURCHASED,8,611865,WARD_PLACED,SIGHT_WARD,10,615943,6470,5692,CHAMPION_KILL,4,6,619137,WARD_PLACED,UNDEFINED,1,625963,SKILL_LEVEL_UP,4,NORMAL,1,632399,WARD_PLACED,YELLOW_TRINKET,3,644179,3010,ITEM_PURCHASED,4,647285,1027,ITEM_DESTROYED,4,647285,SKILL_LEVEL_UP,1,NORMAL,6,650425,720238,2756,0,10,7,481,7,0,2273,12200,3293,0,3180,0,1,6,1280,1,0,2585,8295,3055,25,3442,0,3,6,1892,65,0,1238,11619,3091,1,2446,0,2,6,746,9,0,1306,12224,3107,0,2561,0,5,6,336,25,0,11168,1378,2837,0,3018,0,4,8,418,49,0,8113,7730,4482,3,3223,0,7,7,773,55,0,2429,12407,3343,0,4244,0,6,7,1069,2,0,8757,5463,3723,25,4007,0,9,9,582,61,0,11764,1563,5324,0,3112,0,8,8,287,55,0,8329,9006,4427,3,WARD_PLACED,SIGHT_WARD,10,661163,WARD_PLACED,YELLOW_TRINKET,8,662285,WARD_PLACED,YELLOW_TRINKET,1,662812,WARD_KILL,YELLOW_TRINKET,1,667119,WARD_PLACED,YELLOW_TRINKET,9,675474,SKILL_LEVEL_UP,1,NORMAL,9,693899,SKILL_LEVEL_UP,1,NORMAL,4,696046,SKILL_LEVEL_UP,1,NORMAL,7,698237,WARD_PLACED,SIGHT_WARD,10,703121,SKILL_LEVEL_UP,1,NORMAL,10,715517,780276,2974,0,10,7,699,7,0,2663,12571,3613,0,3317,0,1,7,242,1,0,8494,2425,3194,26,3781,0,3,7,2231,75,0,1657,11149,3478,1,2674,0,2,7,974,10,0,1187,11441,3494,0,2749,0,5,6,74,27,0,8226,1257,2955,0,3161,0,4,8,561,50,0,5382,5315,4541,3,3424,0,7,7,974,58,0,2071,12984,3633,0,4906,0,6,8,121,5,0,6726,11602,4444,29,4607,0,9,9,1182,69,0,13359,3954,6054,0,3600,0,8,9,775,66,0,6935,7521,5371,3,SKILL_LEVEL_UP,3,NORMAL,8,722291,SKILL_LEVEL_UP,1,NORMAL,2,724515,SKILL_LEVEL_UP,1,NORMAL,3,729180,6,4,CHAMPION_KILL,8,729501,8277,8238,1401,ITEM_PURCHASED,1,730418,1028,ITEM_DESTROYED,1,730418,3706,ITEM_DESTROYED,1,730418,10250,788,CHAMPION_KILL,5,9,730870,SKILL_LEVEL_UP,3,NORMAL,6,734917,WARD_PLACED,YELLOW_TRINKET,2,745872,SKILL_LEVEL_UP,1,NORMAL,8,747214,1052,ITEM_PURCHASED,6,759156,1055,ITEM_PURCHASED,5,759526,3020,ITEM_PURCHASED,6,760315,2043,ITEM_PURCHASED,6,760884,SKILL_LEVEL_UP,2,NORMAL,1,767405,840302,3523,0,10,7,198,7,0,13723,14100,4002,0,3749,0,1,7,674,1,0,12416,6343,3676,30,5078,0,3,9,2228,83,0,461,394,5293,1,3545,0,2,8,1845,10,0,461,394,4309,0,3237,0,5,7,562,37,0,12266,1933,3518,0,3564,0,4,9,964,58,0,8160,8185,5251,3,3783,0,7,8,333,67,0,12161,14034,4140,0,5088,0,6,8,228,6,0,13155,13804,4567,29,4932,0,9,10,507,78,0,12978,2769,6588,0,3784,0,8,9,109,66,0,12637,12528,5476,3,3142,ITEM_PURCHASED,9,782490,3133,ITEM_DESTROYED,9,782490,3134,ITEM_DESTROYED,9,782490,WARD_PLACED,YELLOW_TRINKET,8,787413,WARD_PLACED,UNDEFINED,1,787614,WARD_PLACED,VISION_WARD,6,788168,2043,ITEM_DESTROYED,6,788168,WARD_KILL,YELLOW_TRINKET,6,791760,3,6,CHAMPION_KILL,2,798187,1568,10939,SKILL_LEVEL_UP,2,NORMAL,5,801079,1175,9546,CHAMPION_KILL,8,2,802591,3,7,CHAMPION_KILL,2,803896,2471,10687,SKILL_LEVEL_UP,2,NORMAL,2,804678,10,2,CHAMPION_KILL,6,7,8,805809,862,10468,2099,9091,CHAMPION_KILL,10,3,811677,WARD_PLACED,YELLOW_TRINKET,3,812130,SKILL_LEVEL_UP,2,NORMAL,3,813813,1026,ITEM_PURCHASED,8,822062,SKILL_LEVEL_UP,3,NORMAL,4,824185,SKILL_LEVEL_UP,2,NORMAL,7,824526,WARD_PLACED,YELLOW_TRINKET,1,825490,3117,ITEM_PURCHASED,10,827183,1001,ITEM_DESTROYED,10,827183,1043,ITEM_PURCHASED,7,827901,SKILL_LEVEL_UP,1,NORMAL,3,828264,SKILL_LEVEL_UP,3,NORMAL,9,828849,3114,ITEM_PURCHASED,10,829306,2043,ITEM_PURCHASED,6,838836,1038,ITEM_PURCHASED,3,839669,900306,3794,0,10,8,469,7,0,7187,7114,4361,0,4176,0,1,8,1101,1,0,11157,1113,4172,30,5479,0,3,9,359,88,0,3213,12825,5650,1,3859,0,2,8,409,10,0,3203,11681,4309,0,3961,0,5,8,1286,43,0,12341,2160,4455,0,4178,0,4,9,293,64,0,8713,8169,5575,3,4192,0,7,8,742,68,0,6759,7055,4502,0,5247,0,6,8,387,8,0,8323,4661,4616,29,5305,0,9,10,880,82,0,12516,1978,7137,0,4040,0,8,10,365,69,0,7243,7051,6164,3,0,BUILDING_KILL,OUTER_TURRET,200,842028,8510,8955,TOWER_BUILDING,MID_LANE,3401,ITEM_PURCHASED,2,842274,3097,ITEM_DESTROYED,2,842274,1028,ITEM_DESTROYED,2,842274,3086,ITEM_PURCHASED,3,843403,1042,ITEM_DESTROYED,3,843403,3006,ITEM_PURCHASED,3,843887,1001,ITEM_DESTROYED,3,843887,2049,ITEM_PURCHASED,2,844120,1042,ITEM_PURCHASED,3,847572,1055,ITEM_SOLD,3,850312,2015,ITEM_PURCHASED,3,852655,1042,ITEM_DESTROYED,3,852655,WARD_PLACED,SIGHT_WARD,10,861268,WARD_PLACED,YELLOW_TRINKET,6,869418,WARD_PLACED,VISION_WARD,6,872218,2043,ITEM_DESTROYED,6,872218,11157,1113,CHAMPION_KILL,1,9,881286,7,4,CHAMPION_KILL,8,10,883698,8713,8169,SKILL_LEVEL_UP,2,NORMAL,10,888657,5,9,CHAMPION_KILL,1,889749,12516,1978,SKILL_LEVEL_UP,1,NORMAL,5,891989,SKILL_LEVEL_UP,3,NORMAL,1,894664,1026,ITEM_PURCHASED,4,895708,1052,ITEM_PURCHASED,4,899716,960362,4178,0,10,8,853,7,0,5516,11001,4438,0,4559,0,1,8,484,4,0,4725,10095,4618,30,6321,0,3,9,1201,92,0,4934,10335,6055,1,4220,0,2,8,770,10,0,5004,10659,4472,0,4393,0,5,8,1718,50,0,9738,1271,4989,0,4483,0,4,9,298,67,0,5320,9765,5917,3,4550,0,7,8,1100,70,0,7309,12615,4578,0,6070,0,6,9,1210,14,0,11837,2628,5571,33,5553,0,9,11,228,82,0,8516,6336,7372,0,4493,0,8,10,818,73,0,4901,12653,6389,6,1011,ITEM_PURCHASED,1,900367,WARD_PLACED,YELLOW_TRINKET,2,901283,SKILL_LEVEL_UP,3,NORMAL,8,901413,2003,ITEM_DESTROYED,6,903269,1001,ITEM_PURCHASED,4,904444,WARD_PLACED,SIGHT_WARD,2,906631,3044,ITEM_PURCHASED,9,910022,1036,ITEM_DESTROYED,9,910022,8,BUILDING_KILL,OUTER_TURRET,100,7,10,911425,6396,5846,TOWER_BUILDING,MID_LANE,WARD_PLACED,YELLOW_TRINKET,6,911915,WARD_PLACED,SIGHT_WARD,2,913843,WARD_PLACED,SIGHT_WARD,10,917078,3,BUILDING_KILL,OUTER_TURRET,200,917394,4505,13866,TOWER_BUILDING,BOT_LANE,WARD_KILL,SIGHT_WARD,7,928437,WARD_PLACED,SIGHT_WARD,10,934593,WARD_PLACED,YELLOW_TRINKET,3,938773,9738,1271,CHAMPION_KILL,5,6,942041,SKILL_LEVEL_UP,4,NORMAL,9,946078,SKILL_LEVEL_UP,1,NORMAL,6,946176,3,10,CHAMPION_KILL,1,2,956092,5516,11001,1020378,4335,0,10,8,210,7,0,6838,7480,4476,0,4735,0,1,8,660,4,0,5290,5830,4841,31,6656,0,3,10,1536,100,0,5946,6014,6344,2,4390,0,2,8,940,10,0,6156,6232,4776,0,4744,0,5,9,1219,59,0,12611,2408,5434,0,4729,0,4,10,544,68,0,5937,4895,6295,6,4847,0,7,9,347,79,0,8354,9050,5108,0,6295,0,6,9,1435,18,0,5348,7783,5905,33,5754,0,9,11,429,86,0,7315,7272,7576,0,4642,0,8,10,167,73,0,6077,7231,6389,6,ELITE_MONSTER_KILL,4414,9866,DRAGON,3,969508,3069,ITEM_PURCHASED,10,971561,3096,ITEM_DESTROYED,10,971561,3114,ITEM_DESTROYED,10,971561,1026,ITEM_PURCHASED,5,973246,3158,ITEM_PURCHASED,8,973742,1001,ITEM_DESTROYED,8,973742,ITEM_UNDO,3158,0,8,975150,3020,ITEM_PURCHASED,8,980783,1001,ITEM_DESTROYED,8,980783,SKILL_LEVEL_UP,1,NORMAL,7,981832,WARD_PLACED,YELLOW_TRINKET,9,986881,SKILL_LEVEL_UP,1,NORMAL,4,989702,WARD_PLACED,YELLOW_TRINKET,9,990653,3153,ITEM_PURCHASED,7,990718,3144,ITEM_DESTROYED,7,990718,1043,ITEM_DESTROYED,7,990718,WARD_PLACED,YELLOW_TRINKET,1,992784,1042,ITEM_PURCHASED,7,993244,SKILL_LEVEL_UP,2,NORMAL,3,999536,SKILL_LEVEL_UP,2,NORMAL,5,1007753,1080417,4630,0,10,8,505,7,0,5491,5476,4797,0,4964,0,1,9,439,5,0,5710,8480,5121,31,7079,0,3,10,609,100,0,4842,7171,6462,2,4662,0,2,9,12,11,0,4735,5223,5115,0,4876,0,5,9,276,59,0,11493,1054,5434,0,5053,0,4,10,868,68,0,3508,3872,6690,10,5189,0,7,9,689,87,0,6774,8611,5529,0,6669,0,6,10,1809,19,0,5929,9139,6462,37,6383,0,9,12,1057,97,0,11280,1345,8841,0,5169,0,8,10,694,77,0,6480,8427,6734,6,2003,ITEM_DESTROYED,6,1035348,1033,ITEM_PURCHASED,1,1036075,WARD_PLACED,SIGHT_WARD,2,1039183,WARD_PLACED,SIGHT_WARD,10,1040783,SKILL_LEVEL_UP,3,NORMAL,6,1043150,3087,ITEM_PURCHASED,3,1043543,3086,ITEM_DESTROYED,3,1043543,2015,ITEM_DESTROYED,3,1043543,1018,ITEM_PURCHASED,3,1045966,WARD_PLACED,SIGHT_WARD,10,1048783,11493,1054,CHAMPION_KILL,5,9,1049437,WARD_KILL,SIGHT_WARD,6,1052186,8,2,CHAMPION_KILL,6,7,10,1057108,4735,5223,2003,ITEM_DESTROYED,6,1060166,3,10,CHAMPION_KILL,1,2,1065258,5491,5476,SKILL_LEVEL_UP,1,NORMAL,2,1067252,3124,ITEM_PURCHASED,5,1067907,1026,ITEM_DESTROYED,5,1067907,1037,ITEM_DESTROYED,5,1067907,2003,ITEM_DESTROYED,6,1068038,WARD_PLACED,YELLOW_TRINKET,8,1069805,SKILL_LEVEL_UP,3,NORMAL,9,1072330,2003,ITEM_DESTROYED,6,1076026,WARD_PLACED,YELLOW_TRINKET,1,1077628,3010,ITEM_PURCHASED,2,1080341,1140421,4835,0,10,8,260,8,0,6285,6586,4931,0,5230,0,1,9,305,5,0,2334,8257,5209,31,7649,0,3,10,1179,117,0,2332,12350,7116,2,4973,0,2,9,323,12,0,3331,10952,5268,0,5985,0,5,11,1385,76,0,11452,3325,7330,0,5356,0,4,10,1171,70,0,2345,8046,6949,11,5320,0,7,9,120,87,0,9214,9412,5529,0,6897,0,6,10,2037,19,0,9363,4452,6693,40,6505,0,9,12,80,97,0,14094,11698,8841,0,5517,0,8,10,1042,83,0,7153,7261,7260,10,WARD_PLACED,YELLOW_TRINKET,3,1085262,1328,ITEM_PURCHASED,10,1086885,3117,ITEM_DESTROYED,10,1086885,11420,1042,CHAMPION_KILL,9,5,1092590,SKILL_LEVEL_UP,1,NORMAL,5,1094956,3133,ITEM_PURCHASED,9,1101348,SKILL_LEVEL_UP,2,NORMAL,1,1104328,1028,ITEM_PURCHASED,1,1112711,1043,ITEM_PURCHASED,7,1113432,1042,ITEM_DESTROYED,7,1113432,WARD_PLACED,YELLOW_TRINKET,4,1119430,5,BUILDING_KILL,OUTER_TURRET,200,1123356,13875,4318,TOWER_BUILDING,TOP_LANE,WARD_PLACED,SIGHT_WARD,10,1124173,WARD_PLACED,YELLOW_TRINKET,4,1126856,WARD_PLACED,SIGHT_WARD,2,1128759,SKILL_LEVEL_UP,4,NORMAL,5,1131510,WARD_PLACED,SIGHT_WARD,2,1134361,1200480,5388,0,10,9,813,10,0,6386,6542,5885,0,5551,0,1,9,626,5,0,5869,7455,5895,35,7772,0,3,11,202,117,0,2263,1530,7365,2,5229,0,2,9,579,12,0,6971,6478,5704,0,6107,0,5,11,407,76,0,461,394,7330,0,6014,0,4,11,879,76,0,6266,6222,7499,12,5615,0,7,10,415,88,0,6322,6734,6418,0,7786,0,6,11,2926,21,0,6525,6439,7579,41,6894,0,9,12,469,98,0,6487,6336,9129,0,5990,0,8,11,564,83,0,5956,6389,7591,10,WARD_PLACED,YELLOW_TRINKET,5,1147428,3027,ITEM_PURCHASED,8,1147898,3010,ITEM_DESTROYED,8,1147898,1026,ITEM_DESTROYED,8,1147898,3133,ITEM_PURCHASED,3,1148740,WARD_PLACED,YELLOW_TRINKET,5,1151473,6,5,CHAMPION_KILL,10,1157697,6732,4745,WARD_PLACED,SIGHT_WARD,10,1159506,SKILL_LEVEL_UP,1,NORMAL,10,1164057,SKILL_LEVEL_UP,4,NORMAL,4,1172283,9,4,CHAMPION_KILL,6,7,10,1178486,6266,6222,4,9,CHAMPION_KILL,1,2,1179005,6487,6336,SKILL_LEVEL_UP,4,NORMAL,6,1183131,2010,ITEM_DESTROYED,10,1184279,SKILL_LEVEL_UP,2,NORMAL,7,1187821,8,2,CHAMPION_KILL,6,7,9,10,1191237,6971,6478,6,1,CHAMPION_KILL,7,8,10,1195334,5869,7455,3111,ITEM_PURCHASED,5,1196127,3027,ITEM_PURCHASED,4,1198252,3010,ITEM_DESTROYED,4,1198252,1026,ITEM_DESTROYED,4,1198252,1260517,6171,0,10,10,1596,10,0,2274,8785,6253,0,5702,0,1,9,127,5,0,977,9228,5895,35,7996,0,3,11,425,122,0,1538,7219,7569,2,5394,0,2,9,94,12,0,1150,6736,5704,0,6325,0,5,11,625,77,0,11097,1083,7863,2,6285,0,4,11,350,77,0,5893,4701,7845,16,6651,0,7,10,1451,93,0,2137,9451,6786,0,8724,0,6,11,3864,23,0,1383,10115,8453,41,7502,0,9,12,626,104,0,11371,1041,9502,0,6732,0,8,11,1307,87,0,1873,9220,7940,10,2010,ITEM_DESTROYED,10,1201663,1033,ITEM_PURCHASED,9,1201713,3108,ITEM_PURCHASED,4,1207628,1052,ITEM_DESTROYED,4,1207628,1052,ITEM_PURCHASED,4,1209260,SKILL_LEVEL_UP,4,NORMAL,3,1209949,8,BUILDING_KILL,INNER_TURRET,100,6,7,10,1213296,4812,5048,TOWER_BUILDING,MID_LANE,3211,ITEM_PURCHASED,1,1213521,1028,ITEM_DESTROYED,1,1213521,1033,ITEM_DESTROYED,1,1213521,WARD_PLACED,SIGHT_WARD,10,1214208,1028,ITEM_PURCHASED,1,1215914,WARD_PLACED,YELLOW_TRINKET,6,1218105,WARD_PLACED,YELLOW_TRINKET,8,1218340,3801,ITEM_PURCHASED,2,1226556,WARD_KILL,YELLOW_TRINKET,5,1226851,WARD_PLACED,YELLOW_TRINKET,6,1231179,7,BUILDING_KILL,OUTER_TURRET,100,8,10,1241116,1029,10504,TOWER_BUILDING,BOT_LANE,WARD_PLACED,YELLOW_TRINKET,3,1245060,1538,7219,CHAMPION_KILL,3,6,1246230,SKILL_LEVEL_UP,4,NORMAL,8,1252358,7,1,CHAMPION_KILL,6,8,10,1257798,977,9228,1320527,6823,0,10,10,2248,11,0,4022,7045,6861,0,5994,0,1,9,419,5,0,5219,5896,6063,35,8986,0,3,11,1016,131,0,1461,5184,8316,2,5983,0,2,10,683,13,0,4038,4333,6886,0,7167,0,5,12,177,94,0,2688,3112,9507,2,7078,0,4,12,378,80,0,1061,6082,8803,20,7452,0,7,11,752,96,0,1758,6297,7394,0,9128,0,6,12,418,28,0,6173,7032,8915,41,7804,0,9,12,579,104,0,9896,9413,9552,0,7227,0,8,11,117,92,0,1129,7122,8145,10,SKILL_LEVEL_UP,3,NORMAL,10,1261138,3508,ITEM_PURCHASED,3,1262457,1038,ITEM_DESTROYED,3,1262457,3133,ITEM_DESTROYED,3,1262457,1018,ITEM_DESTROYED,3,1262457,11538,1093,CHAMPION_KILL,9,5,1263639,WARD_KILL,YELLOW_TRINKET,10,1266469,3027,ITEM_PURCHASED,6,1269966,1026,ITEM_PURCHASED,6,1270491,SKILL_LEVEL_UP,1,NORMAL,5,1271275,2010,ITEM_DESTROYED,10,1271336,3111,ITEM_PURCHASED,9,1272321,1001,ITEM_DESTROYED,9,1272321,1033,ITEM_DESTROYED,9,1272321,0,BUILDING_KILL,INNER_TURRET,100,7,8,1285663,1483,6919,TOWER_BUILDING,BOT_LANE,4,8,CHAMPION_KILL,2,1288904,1129,7122,SKILL_LEVEL_UP,3,NORMAL,6,1293431,7,4,CHAMPION_KILL,10,1296118,1061,6082,3,7,CHAMPION_KILL,2,4,1296249,1357,6875,SKILL_LEVEL_UP,4,NORMAL,7,1298737,SKILL_LEVEL_UP,1,NORMAL,4,1300904,1031,ITEM_PURCHASED,5,1306319,1029,ITEM_DESTROYED,5,1306319,1058,ITEM_PURCHASED,8,1307285,1052,ITEM_PURCHASED,8,1308630,1029,ITEM_SOLD,5,1308790,3,10,CHAMPION_KILL,1,2,4,1309216,4022,7045,3085,ITEM_PURCHASED,7,1311035,1043,ITEM_DESTROYED,7,1311035,WARD_KILL,VISION_WARD,3,1312720,1011,ITEM_PURCHASED,5,1313275,3165,ITEM_PURCHASED,4,1313706,3108,ITEM_DESTROYED,4,1313706,3114,ITEM_DESTROYED,4,1313706,1052,ITEM_DESTROYED,4,1313706,SKILL_LEVEL_UP,2,NORMAL,2,1318124,1380535,6977,0,10,10,302,11,0,8534,9252,6861,0,6589,0,1,10,1014,5,0,4845,10097,6697,36,9434,0,3,12,1464,138,0,5306,9787,9099,4,6377,0,2,11,326,19,0,5502,10008,7471,0,7874,0,5,13,884,107,0,7349,9152,10266,2,7272,0,4,12,572,80,0,5225,9906,9078,21,7587,0,7,11,87,97,0,5069,10031,7394,0,9518,0,6,12,808,28,0,8099,8561,9448,48,8091,0,9,12,866,111,0,5908,9022,9880,0,7506,0,8,11,396,97,0,5513,11398,8384,10,WARD_PLACED,YELLOW_TRINKET,1,1325197,3024,ITEM_PURCHASED,10,1329197,WARD_PLACED,YELLOW_TRINKET,9,1329460,3082,ITEM_PURCHASED,10,1330276,3364,ITEM_PURCHASED,10,1332340,3341,ITEM_DESTROYED,10,1332340,SKILL_LEVEL_UP,2,NORMAL,3,1335102,3800,ITEM_PURCHASED,2,1340413,3010,ITEM_DESTROYED,2,1340413,3801,ITEM_DESTROYED,2,1340413,SKILL_LEVEL_UP,1,NORMAL,5,1343327,3006,ITEM_PURCHASED,7,1344207,1001,ITEM_DESTROYED,7,1344207,SKILL_LEVEL_UP,3,NORMAL,1,1344326,WARD_PLACED,YELLOW_TRINKET,5,1349708,1,9,CHAMPION_KILL,2,3,4,1369612,5908,9022,5,7,CHAMPION_KILL,1,2,3,1373322,5965,9814,SKILL_LEVEL_UP,4,NORMAL,2,1377849,1440589,7388,0,10,11,713,11,0,11406,8973,7408,0,6875,0,1,10,1300,9,0,12327,7782,7104,37,9935,0,3,12,665,142,0,9807,7226,9589,4,6600,0,2,11,549,21,0,11404,8624,7926,0,8035,0,5,13,1045,109,0,11408,9161,10508,2,7517,0,4,12,817,86,0,10068,6624,9457,21,7815,0,7,11,315,97,0,12301,8681,7879,0,10618,0,6,13,1909,33,0,11680,8484,10755,52,8544,0,9,13,1319,111,0,10136,7545,10225,0,7690,0,8,11,580,97,0,14391,14340,8384,10,WARD_PLACED,YELLOW_TRINKET,8,1383129,WARD_PLACED,YELLOW_TRINKET,6,1384799,3259,10359,CHAMPION_KILL,8,3,1387000,ELITE_MONSTER_KILL,4588,9953,DRAGON,1,1388138,WARD_PLACED,SIGHT_WARD,10,1403498,1038,ITEM_PURCHASED,3,1406145,WARD_PLACED,YELLOW_TRINKET,1,1408994,SKILL_LEVEL_UP,3,NORMAL,6,1414437,WARD_PLACED,SIGHT_WARD,2,1416827,WARD_PLACED,YELLOW_TRINKET,9,1422560,WARD_PLACED,SIGHT_WARD,2,1428389,6,1,CHAMPION_KILL,7,10,1433674,12327,7782,9,4,CHAMPION_KILL,6,1435609,10068,6624,SKILL_LEVEL_UP,2,NORMAL,9,1438492,6,5,CHAMPION_KILL,10,1439450,11408,9161,1500626,7990,0,10,11,1315,12,0,11106,2874,8247,0,7210,0,1,11,335,14,0,5307,4766,7772,37,10357,0,3,12,212,142,0,602,424,9800,4,6826,0,2,11,276,21,0,461,394,8163,0,8158,0,5,13,168,109,0,7631,1072,10508,2,7809,0,4,13,309,92,0,4950,5365,10074,21,8772,0,7,12,1272,104,0,10971,3011,8748,0,11637,0,6,14,2927,46,0,12231,2098,12051,55,8756,0,9,13,306,111,0,13553,7769,10225,0,8234,0,8,12,1124,111,0,4959,13644,9124,10,3,9,CHAMPION_KILL,1,2,4,1441342,9914,7332,SKILL_LEVEL_UP,4,NORMAL,1,1451172,SKILL_LEVEL_UP,4,NORMAL,10,1452251,3020,ITEM_PURCHASED,4,1454846,1001,ITEM_DESTROYED,4,1454846,7,2,CHAMPION_KILL,6,10,1455345,7381,8827,6,3,CHAMPION_KILL,10,1457021,7546,7230,3071,ITEM_PURCHASED,9,1460367,3044,ITEM_DESTROYED,9,1460367,3133,ITEM_DESTROYED,9,1460367,3742,ITEM_PURCHASED,5,1460857,1031,ITEM_DESTROYED,5,1460857,1011,ITEM_DESTROYED,5,1460857,3065,ITEM_PURCHASED,1,1464067,3211,ITEM_DESTROYED,1,1464067,1028,ITEM_DESTROYED,1,1464067,2043,ITEM_PURCHASED,9,1464100,SKILL_LEVEL_UP,2,NORMAL,7,1473862,3117,ITEM_PURCHASED,2,1475237,1001,ITEM_DESTROYED,2,1475237,SKILL_LEVEL_UP,2,NORMAL,6,1477556,1037,ITEM_PURCHASED,3,1477637,WARD_PLACED,SIGHT_WARD,10,1478647,WARD_PLACED,SIGHT_WARD,10,1487694,SKILL_LEVEL_UP,1,NORMAL,4,1498823,1560636,8383,0,10,12,358,12,0,8638,8673,8601,0,7558,0,1,11,683,14,0,6764,3338,8493,41,10809,0,3,13,664,157,0,7002,2503,10193,4,7007,0,2,11,457,21,0,919,4816,8459,0,8280,0,5,13,290,109,0,11751,1978,10508,2,8204,0,4,13,704,92,0,7488,2598,10621,29,9204,0,7,12,584,104,0,9464,8888,8959,0,12394,0,6,14,1170,51,0,14391,14340,12384,55,9076,0,9,13,626,113,0,9523,8013,10584,0,8865,0,8,13,1755,127,0,2548,6688,10011,10,6,BUILDING_KILL,OUTER_TURRET,100,1507903,10441,981,TOWER_BUILDING,TOP_LANE,SKILL_LEVEL_UP,3,NORMAL,8,1510129,6,5,CHAMPION_KILL,7,10,1514628,11751,1978,WARD_PLACED,YELLOW_TRINKET,3,1518163,WARD_PLACED,YELLOW_TRINKET,9,1529609,3089,ITEM_PURCHASED,6,1530788,1026,ITEM_DESTROYED,6,1530788,1052,ITEM_DESTROYED,6,1530788,1083,ITEM_SOLD,7,1533477,1038,ITEM_PURCHASED,7,1537711,WARD_PLACED,SIGHT_WARD,2,1539640,3110,ITEM_PURCHASED,10,1540982,3082,ITEM_DESTROYED,10,1540982,3024,ITEM_DESTROYED,10,1540982,3801,ITEM_PURCHASED,10,1544819,SKILL_LEVEL_UP,3,NORMAL,3,1547278,1620663,8623,0,10,12,598,12,0,9931,4821,8920,0,7712,0,1,12,537,14,0,1286,9387,8908,41,11302,0,3,13,1158,168,0,1212,7968,10648,4,7296,0,2,12,746,26,0,1407,8022,9500,0,8601,0,5,13,611,117,0,5658,9522,10938,2,8813,0,4,13,578,100,0,1329,9092,11125,29,9510,0,7,12,890,113,0,9463,5216,9248,0,12517,0,6,14,42,51,0,9545,5145,12384,55,9298,0,9,13,848,113,0,9731,4838,10872,4,9149,0,8,13,2039,132,0,825,9230,10368,10,SKILL_LEVEL_UP,3,NORMAL,2,1565386,1029,ITEM_PURCHASED,4,1573299,WARD_PLACED,VISION_WARD,9,1573425,2043,ITEM_DESTROYED,9,1573425,WARD_PLACED,YELLOW_TRINKET,5,1575162,1029,ITEM_PURCHASED,1,1575916,1052,ITEM_PURCHASED,4,1575984,SKILL_LEVEL_UP,2,NORMAL,10,1581289,WARD_PLACED,YELLOW_TRINKET,8,1582762,WARD_PLACED,SIGHT_WARD,10,1584924,WARD_PLACED,SIGHT_WARD,10,1588230,WARD_PLACED,SIGHT_WARD,10,1593571,SKILL_LEVEL_UP,3,NORMAL,1,1595526,WARD_PLACED,SIGHT_WARD,2,1599896,1058,ITEM_PURCHASED,6,1600252,4,8,CHAMPION_KILL,3,1614371,825,9230,WARD_PLACED,YELLOW_TRINKET,5,1617543,1680671,9153,0,10,12,1128,14,0,7434,4232,9915,0,7997,0,1,12,822,15,0,8908,2486,9486,45,11425,0,3,13,35,168,0,5708,5482,10648,4,7496,0,2,12,945,27,0,8087,1710,9538,0,8991,0,5,14,1002,117,0,8422,1666,11450,7,9293,0,4,14,1058,107,0,2501,12321,11983,34,9992,0,7,13,497,116,0,6476,5723,10362,0,13294,0,6,15,820,66,0,9078,2422,14124,56,9720,0,9,14,120,113,0,9358,3631,11632,4,9604,0,8,13,229,132,0,4168,13538,10968,10,1055,ITEM_SOLD,3,1630747,ELITE_MONSTER_KILL,10471,5007,BARON_NASHOR,6,1633989,SKILL_LEVEL_UP,2,NORMAL,6,1635530,SKILL_LEVEL_UP,2,NORMAL,7,1636023,SKILL_LEVEL_UP,2,NORMAL,9,1636486,SKILL_LEVEL_UP,3,NORMAL,8,1636782,SKILL_LEVEL_UP,2,NORMAL,4,1637046,3157,ITEM_PURCHASED,8,1638086,1052,ITEM_DESTROYED,8,1638086,1058,ITEM_DESTROYED,8,1638086,1037,ITEM_PURCHASED,7,1641757,WARD_PLACED,SIGHT_WARD,2,1646320,1313,ITEM_PURCHASED,8,1646385,3020,ITEM_DESTROYED,8,1646385,1031,ITEM_PURCHASED,9,1648612,1036,ITEM_PURCHASED,9,1652776,WARD_PLACED,YELLOW_TRINKET,6,1658842,WARD_KILL,VISION_WARD,2,1660671,3031,ITEM_PURCHASED,3,1664798,1038,ITEM_DESTROYED,3,1664798,1037,ITEM_DESTROYED,3,1664798,WARD_PLACED,YELLOW_TRINKET,6,1675287,WARD_KILL,SIGHT_WARD,1,1676565,SKILL_LEVEL_UP,3,NORMAL,5,1680001,1740732,9921,0,10,13,1896,14,0,6870,1268,11114,0,8243,0,1,12,568,15,0,12735,1360,9486,45,12615,0,3,15,1225,185,0,7404,840,13444,4,7767,0,2,12,1217,27,0,6248,1521,9689,0,9204,0,5,14,814,117,0,7113,2665,11450,7,9610,0,4,14,1375,112,0,3670,7763,12340,34,10335,0,7,13,840,116,0,10737,11065,10412,0,14614,0,6,16,190,72,0,9553,869,15409,56,10957,0,9,14,1357,114,0,6879,1393,12653,4,10209,0,8,14,834,142,0,3940,13513,11669,10,6791,5897,CHAMPION_KILL,7,3,1683671,WARD_PLACED,YELLOW_TRINKET,8,1684418,SKILL_LEVEL_UP,3,NORMAL,3,1686133,6,5,CHAMPION_KILL,9,10,1695044,7113,2665,6,2,CHAMPION_KILL,9,10,1710238,6248,1521,9,1,CHAMPION_KILL,6,10,1714050,12735,1360,1031,ITEM_PURCHASED,1,1717622,1029,ITEM_DESTROYED,1,1717622,SKILL_LEVEL_UP,3,NORMAL,10,1717883,9553,869,CHAMPION_KILL,6,3,1721848,SKILL_LEVEL_UP,4,NORMAL,6,1725260,SKILL_LEVEL_UP,3,NORMAL,3,1725781,9,3,CHAMPION_KILL,6,1726895,7404,840,3285,ITEM_PURCHASED,6,1729062,1058,ITEM_DESTROYED,6,1729062,1028,ITEM_PURCHASED,5,1731520,WARD_PLACED,YELLOW_TRINKET,8,1735575,0,BUILDING_KILL,INNER_TURRET,100,9,1740210,6699,1512,TOWER_BUILDING,TOP_LANE,1800762,10143,0,10,13,168,15,0,8602,5279,11436,0,8418,0,1,12,293,16,0,6195,3887,9622,45,12737,0,3,15,48,185,0,5452,5856,13463,4,7973,0,2,13,323,28,0,6064,5964,10038,0,9607,0,5,14,1217,124,0,2534,8377,12113,9,10097,0,4,14,547,123,0,6395,3655,12800,37,10674,0,7,13,379,124,0,12376,11726,10946,1,14859,0,6,16,434,72,0,10258,8040,15659,60,11194,0,9,14,525,118,0,8932,7409,12886,4,10548,0,8,14,1173,151,0,1434,12426,12288,10,1057,ITEM_PURCHASED,2,1741097,ITEM_UNDO,1057,0,2,1743966,SKILL_LEVEL_UP,2,NORMAL,8,1748106,WARD_PLACED,YELLOW_TRINKET,4,1756976,3800,ITEM_PURCHASED,10,1759601,3801,ITEM_DESTROYED,10,1759601,1053,ITEM_PURCHASED,9,1764673,1036,ITEM_DESTROYED,9,1764673,3801,ITEM_PURCHASED,2,1767765,1033,ITEM_PURCHASED,2,1768649,3191,ITEM_PURCHASED,4,1771225,1029,ITEM_DESTROYED,4,1771225,1052,ITEM_DESTROYED,4,1771225,ITEM_UNDO,1053,0,9,1771402,1053,ITEM_PURCHASED,9,1774153,1036,ITEM_DESTROYED,9,1774153,1026,ITEM_PURCHASED,4,1774748,1033,ITEM_PURCHASED,1,1775659,2033,ITEM_SOLD,9,1777400,1057,ITEM_PURCHASED,9,1780013,ELITE_MONSTER_KILL,4414,9866,DRAGON,7,1781323,1038,ITEM_PURCHASED,3,1782878,WARD_PLACED,SIGHT_WARD,10,1784190,WARD_PLACED,SIGHT_WARD,2,1786618,WARD_PLACED,SIGHT_WARD,10,1789527,1018,ITEM_PURCHASED,7,1795199,1860768,10710,0,10,14,735,15,0,6093,6225,12024,0,9091,0,1,13,966,17,0,6145,6407,10788,48,12991,0,3,15,302,185,0,5471,5739,13703,8,8397,0,2,13,746,28,0,5757,6101,10807,0,10081,0,5,14,1692,125,0,5866,5410,12403,9,10454,0,4,15,904,129,0,5857,5542,13329,37,10847,0,7,14,552,124,0,6064,6467,11548,1,15203,0,6,16,778,76,0,5944,6254,16341,63,11410,0,9,15,740,121,0,5381,4979,13038,4,11155,0,8,14,530,151,0,6308,6574,12725,10,WARD_PLACED,UNDEFINED,1,1802171,WARD_PLACED,SIGHT_WARD,10,1803353,SKILL_LEVEL_UP,3,NORMAL,2,1804272,WARD_PLACED,SIGHT_WARD,2,1805321,WARD_PLACED,VISION_WARD,10,1805878,2043,ITEM_DESTROYED,10,1805878,SKILL_LEVEL_UP,2,NORMAL,10,1807810,SKILL_LEVEL_UP,2,NORMAL,9,1817533,WARD_PLACED,YELLOW_TRINKET,9,1818881,WARD_PLACED,YELLOW_TRINKET,3,1819046,WARD_PLACED,YELLOW_TRINKET,9,1826514,1058,ITEM_PURCHASED,8,1830377,SKILL_LEVEL_UP,2,NORMAL,4,1830472,WARD_PLACED,YELLOW_TRINKET,6,1836150,5,9,CHAMPION_KILL,1,2,4,1846008,5381,4979,8,5,CHAMPION_KILL,6,7,10,1854144,5866,5410,10,4,CHAMPION_KILL,8,1855284,5857,5542,SKILL_LEVEL_UP,3,NORMAL,7,1856868,1,7,CHAMPION_KILL,2,1857483,6712,7196,1920814,11878,0,10,15,1903,22,0,1577,3976,13170,0,9458,0,1,14,983,17,0,1860,3788,11568,48,13473,0,3,15,434,185,0,6146,5982,14041,8,8723,0,2,13,673,28,0,749,1569,11228,0,10564,0,5,14,1324,125,0,1908,3940,12722,9,10711,0,4,15,1162,129,0,998,4129,13609,37,11685,0,7,14,766,124,0,14391,14340,11866,1,15830,0,6,17,156,76,0,14312,14393,16790,63,11863,0,9,15,1193,121,0,1949,4015,13140,4,12202,0,8,15,1577,157,0,1805,4218,13826,10,7,1,CHAMPION_KILL,6,8,10,1861471,6145,6407,3,6,CHAMPION_KILL,1,2,1862344,6262,6683,10,3,CHAMPION_KILL,6,8,1867325,6146,5982,SKILL_LEVEL_UP,2,NORMAL,6,1869205,8,2,CHAMPION_KILL,6,7,10,1869730,5817,5844,3044,ITEM_PURCHASED,5,1873702,1028,ITEM_DESTROYED,5,1873702,3111,ITEM_PURCHASED,1,1873899,1001,ITEM_DESTROYED,1,1873899,1033,ITEM_DESTROYED,1,1873899,3031,ITEM_PURCHASED,7,1876812,1038,ITEM_DESTROYED,7,1876812,1037,ITEM_DESTROYED,7,1876812,1018,ITEM_DESTROYED,7,1876812,3105,ITEM_PURCHASED,2,1881501,1033,ITEM_DESTROYED,2,1881501,3801,ITEM_DESTROYED,2,1881501,SKILL_LEVEL_UP,2,NORMAL,8,1884897,SKILL_LEVEL_UP,3,NORMAL,1,1885532,SKILL_LEVEL_UP,2,NORMAL,10,1890019,8,BUILDING_KILL,BASE_TURRET,100,10,1900118,3696,3651,TOWER_BUILDING,MID_LANE,0,BUILDING_KILL,BASE_TURRET,100,1905560,1253,4281,TOWER_BUILDING,BOT_LANE,1036,ITEM_PURCHASED,3,1908663,1058,ITEM_PURCHASED,6,1909252,8,BUILDING_KILL,UNDEFINED_TURRET,100,9,10,1909540,3208,3203,INHIBITOR_BUILDING,MID_LANE,5,8,CHAMPION_KILL,1,4,1918669,1805,4218,1980829,12014,0,10,15,39,22,0,3536,5584,13208,0,9959,0,1,14,1484,18,0,4986,4523,12767,55,14524,0,3,16,1485,205,0,7734,3180,15371,10,9046,0,2,14,996,29,0,7837,2880,12250,0,11203,0,5,15,1963,131,0,9289,3533,13474,9,11468,0,4,16,1918,151,0,3288,13021,14870,37,11845,0,7,14,575,124,0,9935,9003,11866,1,16203,0,6,17,529,76,0,8521,5256,17274,70,12015,0,9,15,1345,121,0,3892,8566,13178,4,12324,0,8,15,249,157,0,11573,12486,13826,10,1036,ITEM_PURCHASED,7,1925094,3003,ITEM_PURCHASED,8,1928365,3070,ITEM_DESTROYED,8,1928365,1058,ITEM_DESTROYED,8,1928365,1027,ITEM_PURCHASED,8,1933702,3,10,CHAMPION_KILL,1,2,4,5,1936445,3536,5584,5,9,CHAMPION_KILL,1,2,3,4,1937433,3892,8566,SKILL_LEVEL_UP,3,NORMAL,5,1939755,WARD_PLACED,YELLOW_TRINKET,6,1947028,SKILL_LEVEL_UP,3,NORMAL,2,1949780,SKILL_LEVEL_UP,1,NORMAL,1,1950408,SKILL_LEVEL_UP,4,NORMAL,3,1951253,1011,ITEM_PURCHASED,10,1961620,2045,ITEM_PURCHASED,10,1964442,2049,ITEM_DESTROYED,10,1964442,SKILL_LEVEL_UP,4,NORMAL,4,1976678,2040860,12519,0,10,15,544,24,0,7851,8462,13890,0,10377,0,1,15,1902,29,0,5134,4653,13330,55,15456,0,3,17,2416,213,0,9038,8562,16708,10,9468,0,2,15,1418,31,0,8914,8720,13150,0,11488,0,5,15,2248,139,0,13505,6402,13974,9,11694,0,4,16,2144,156,0,6018,13928,15227,37,12005,0,7,14,185,124,0,8752,5340,11866,1,16325,0,6,17,651,76,0,7377,4790,17274,70,12162,0,9,15,113,121,0,9188,9288,13178,4,12930,0,8,16,855,166,0,7997,8828,15098,13,WARD_PLACED,YELLOW_TRINKET,3,1980898,WARD_PLACED,YELLOW_TRINKET,4,1984445,WARD_PLACED,YELLOW_TRINKET,5,1985143,3003,ITEM_DESTROYED,8,1985176,WARD_PLACED,YELLOW_TRINKET,3,1987970,3,6,CHAMPION_KILL,2,1991763,7377,4790,3026,ITEM_PURCHASED,9,1996011,1057,ITEM_DESTROYED,9,1996011,1031,ITEM_DESTROYED,9,1996011,9433,6276,CHAMPION_KILL,7,3,1999063,WARD_KILL,VISION_WARD,3,2003466,WARD_PLACED,SIGHT_WARD,2,2007311,1053,ITEM_PURCHASED,7,2008307,1036,ITEM_DESTROYED,7,2008307,10,4,CHAMPION_KILL,8,2008900,6018,13928,WARD_PLACED,YELLOW_TRINKET,5,2010810,WARD_KILL,VISION_WARD,2,2013402,WARD_PLACED,SIGHT_WARD,10,2025608,SKILL_LEVEL_UP,1,NORMAL,1,2026628,SKILL_LEVEL_UP,3,NORMAL,2,2028311,SKILL_LEVEL_UP,3,NORMAL,3,2029260,SKILL_LEVEL_UP,4,NORMAL,8,2037673,2100869,13328,0,10,16,1353,26,0,6929,4553,15556,0,10708,0,1,15,133,30,0,3233,2886,13498,55,15728,0,3,17,639,213,0,8733,8132,16758,10,9792,0,2,15,342,31,0,6996,7882,13200,0,12167,0,5,15,377,145,0,13655,7941,14381,9,11998,0,4,16,2449,156,0,4965,6918,15343,40,12875,0,7,15,1055,125,0,7466,4358,13048,1,16977,0,6,17,1303,78,0,6883,2786,18330,71,13250,0,9,16,1200,129,0,7882,4797,15374,4,13863,0,8,16,1788,168,0,6851,1421,16372,13,3742,ITEM_PURCHASED,1,2043293,1031,ITEM_DESTROYED,1,2043293,1011,ITEM_DESTROYED,1,2043293,8,3,CHAMPION_KILL,10,2044714,8733,8132,1031,ITEM_PURCHASED,1,2046943,9,2,CHAMPION_KILL,8,10,2050372,6996,7882,5,BUILDING_KILL,INNER_TURRET,200,2062764,13411,7943,TOWER_BUILDING,TOP_LANE,7,5,CHAMPION_KILL,6,9,2064375,13655,7941,3190,ITEM_PURCHASED,2,2069568,3105,ITEM_DESTROYED,2,2069568,WARD_PLACED,SIGHT_WARD,10,2069732,WARD_KILL,YELLOW_TRINKET,10,2072858,3078,ITEM_PURCHASED,5,2075678,3044,ITEM_DESTROYED,5,2075678,WARD_PLACED,YELLOW_TRINKET,9,2082249,1029,ITEM_PURCHASED,1,2083137,1028,ITEM_PURCHASED,2,2083632,SKILL_LEVEL_UP,4,NORMAL,10,2087447,ELITE_MONSTER_KILL,10471,5007,BARON_NASHOR,6,2091524,SKILL_LEVEL_UP,3,NORMAL,7,2093535,3072,ITEM_PURCHASED,3,2095575,1038,ITEM_DESTROYED,3,2095575,1036,ITEM_DESTROYED,3,2095575,SKILL_LEVEL_UP,4,NORMAL,9,2096399,WARD_PLACED,YELLOW_TRINKET,4,2100277,2160900,14250,0,10,17,2276,28,0,1575,2061,17084,0,11315,0,1,15,740,34,0,2380,2098,14522,55,15880,0,3,17,791,213,0,3709,945,16758,10,9997,0,2,15,547,31,0,5102,1745,13200,0,12469,0,5,16,679,145,0,5028,1210,15048,9,12339,0,4,16,440,156,0,1372,1830,15787,44,13867,0,7,15,2047,133,0,2252,1958,14257,1,18094,0,6,18,20,78,0,792,1745,19308,71,14211,0,9,17,2162,134,0,2037,1953,16631,4,14835,0,8,17,2760,176,0,1199,1834,17357,13,7,BUILDING_KILL,BASE_TURRET,100,6,8,10,2113172,4287,1169,TOWER_BUILDING,TOP_LANE,8,3,CHAMPION_KILL,6,10,2118716,3709,945,7,2,CHAMPION_KILL,6,9,10,2118822,5102,1745,SKILL_LEVEL_UP,2,NORMAL,6,2122532,3003,ITEM_PURCHASED,4,2122932,3070,ITEM_DESTROYED,4,2122932,3003,ITEM_DESTROYED,4,2123130,6,5,CHAMPION_KILL,7,8,10,2129305,5028,1210,9,BUILDING_KILL,UNDEFINED_TURRET,100,6,7,8,10,2135855,3571,1171,INHIBITOR_BUILDING,TOP_LANE,6,4,CHAMPION_KILL,10,2136838,1372,1830,1,6,CHAMPION_KILL,5,2140748,792,1745,9,BUILDING_KILL,NEXUS_TURRET,100,7,10,2141509,2270,1748,TOWER_BUILDING,MID_LANE,SKILL_LEVEL_UP,3,NORMAL,10,2141542,9,BUILDING_KILL,NEXUS_TURRET,100,7,10,2146303,1807,2177,TOWER_BUILDING,MID_LANE,9,1,CHAMPION_KILL,6,7,10,2151778,2380,2098,8,BUILDING_KILL,UNDEFINED_TURRET,100,2154278,1236,3452,INHIBITOR_BUILDING,BOT_LANE,3116,ITEM_PURCHASED,6,2155064,1058,ITEM_DESTROYED,6,2155064,SKILL_LEVEL_UP,4,NORMAL,5,2156166,1313,ITEM_PURCHASED,6,2158697,3020,ITEM_DESTROYED,6,2158697,SKILL_LEVEL_UP,3,NORMAL,9,2160219,60000,
549,48627383,/v1/stats/player_history/NA1/211793265,Galen0s,1,564,36299779,/v1/stats/player_history/NA1/50688507,CWizzleDawg,2,909,47606298,/v1/stats/player_history/NA1/210424544,Vash De Stampede,3,7,67036066,/v1/stats/player_history/NA1/227113828,EugeneMagea,4,507,36400033,/v1/stats/player_history/NA1/50740394,Leocaelum,5,783,51494328,/v1/stats/player_history/NA1/214329554,Storming Sea,6,787,68509790,/v1/stats/player_history/NA1/229228321,Serpexnessie,7,18,22645938,/v1/stats/player_history/NA/36514219,Bobbys Bjergers,8,770,65809423,/v1/stats/player_history/NA1/227632324,The love potatoe,9,18,29364370,/v1/stats/player_history/NA1/43663086,yuzhongquan,10,
MATCHED_GAME,
